{
  "layer": 16,
  "n_components": 20,
  "n_prompts": 50,
  "explained_variance": [
    529.5172119140625,
    122.57585144042969,
    10.070661544799805,
    7.577278137207031,
    6.0426812171936035,
    5.513979434967041,
    4.341195583343506,
    3.7487947940826416,
    3.152386426925659,
    2.8728487491607666,
    2.717491388320923,
    2.342378854751587,
    2.1201565265655518,
    2.0297186374664307,
    1.8804621696472168,
    1.656559944152832,
    1.5213221311569214,
    1.2940064668655396,
    1.2031899690628052,
    1.1559698581695557
  ],
  "cumulative_variance": [
    529.5172119140625,
    652.0930786132812,
    662.1637573242188,
    669.7410278320312,
    675.78369140625,
    681.2976684570312,
    685.6388549804688,
    689.3876342773438,
    692.5400390625,
    695.4129028320312,
    698.13037109375,
    700.4727783203125,
    702.5929565429688,
    704.6226806640625,
    706.5031127929688,
    708.15966796875,
    709.6809692382812,
    710.9749755859375,
    712.1781616210938,
    713.3341064453125
  ]
}